,images,target
0,toyota_camry_2007 (1).jpg,1
1,toyota_camry_2007 (10).jpg,1
2,toyota_camry_2007 (100).jpg,1
3,toyota_camry_2007 (101).jpg,1
4,toyota_camry_2007 (102).jpg,1
5,toyota_camry_2007 (103).jpg,1
6,toyota_camry_2007 (104).jpg,1
7,toyota_camry_2007 (105).jpg,1
8,toyota_camry_2007 (106).jpg,1
9,toyota_camry_2007 (107).jpg,1
10,toyota_camry_2007 (108).jpg,1
11,toyota_camry_2007 (109).jpg,1
12,toyota_camry_2007 (11).jpg,1
13,toyota_camry_2007 (110).jpg,1
14,toyota_camry_2007 (111).jpg,1
15,toyota_camry_2007 (112).jpg,1
16,toyota_camry_2007 (113).jpg,1
17,toyota_camry_2007 (114).jpg,1
18,toyota_camry_2007 (115).jpg,1
19,toyota_camry_2007 (116).jpg,1
20,toyota_camry_2007 (117).jpg,1
21,toyota_camry_2007 (118).jpg,1
22,toyota_camry_2007 (119).jpg,1
23,toyota_camry_2007 (12).jpg,1
24,toyota_camry_2007 (120).jpg,1
25,toyota_camry_2007 (121).jpg,1
26,toyota_camry_2007 (122).jpg,1
27,toyota_camry_2007 (123).jpg,1
28,toyota_camry_2007 (124).jpg,1
29,toyota_camry_2007 (125).jpg,1
30,toyota_camry_2007 (126).jpg,1
31,toyota_camry_2007 (127).jpg,1
32,toyota_camry_2007 (128).jpg,1
33,toyota_camry_2007 (129).jpg,1
34,toyota_camry_2007 (13).jpg,1
35,toyota_camry_2007 (130).jpg,1
36,toyota_camry_2007 (131).jpg,1
37,toyota_camry_2007 (132).jpg,1
38,toyota_camry_2007 (133).jpg,1
39,toyota_camry_2007 (134).jpg,1
40,toyota_camry_2007 (135).jpg,1
41,toyota_camry_2007 (136).jpg,1
42,toyota_camry_2007 (137).jpg,1
43,toyota_camry_2007 (138).jpg,1
44,toyota_camry_2007 (139).jpg,1
45,toyota_camry_2007 (14).jpg,1
46,toyota_camry_2007 (140).jpg,1
47,toyota_camry_2007 (141).jpg,1
48,toyota_camry_2007 (142).jpg,1
49,toyota_camry_2007 (143).jpg,1
50,toyota_camry_2007 (144).jpg,1
51,toyota_camry_2007 (145).jpg,1
52,toyota_camry_2007 (146).jpg,1
53,toyota_camry_2007 (147).jpg,1
54,toyota_camry_2007 (148).jpg,1
55,toyota_camry_2007 (149).jpg,1
56,toyota_camry_2007 (15).jpg,1
57,toyota_camry_2007 (150).jpg,1
58,toyota_camry_2007 (151).jpg,1
59,toyota_camry_2007 (152).jpg,1
60,toyota_camry_2007 (153).jpg,1
61,toyota_camry_2007 (154).jpg,1
62,toyota_camry_2007 (155).jpg,1
63,toyota_camry_2007 (156).jpg,1
64,toyota_camry_2007 (157).jpg,1
65,toyota_camry_2007 (158).jpg,1
66,toyota_camry_2007 (159).jpg,1
67,toyota_camry_2007 (16).jpg,1
68,toyota_camry_2007 (160).jpg,1
69,toyota_camry_2007 (161).jpg,1
70,toyota_camry_2007 (162).jpg,1
71,toyota_camry_2007 (163).jpg,1
72,toyota_camry_2007 (164).jpg,1
73,toyota_camry_2007 (165).jpg,1
74,toyota_camry_2007 (166).jpg,1
75,toyota_camry_2007 (167).jpg,1
76,toyota_camry_2007 (168).jpg,1
77,toyota_camry_2007 (169).jpg,1
78,toyota_camry_2007 (17).jpg,1
79,toyota_camry_2007 (170).jpg,1
80,toyota_camry_2007 (171).jpg,1
81,toyota_camry_2007 (172).jpg,1
82,toyota_camry_2007 (173).jpg,1
83,toyota_camry_2007 (174).jpg,1
84,toyota_camry_2007 (175).jpg,1
85,toyota_camry_2007 (176).jpg,1
86,toyota_camry_2007 (177).jpg,1
87,toyota_camry_2007 (178).jpg,1
88,toyota_camry_2007 (179).jpg,1
89,toyota_camry_2007 (18).jpg,1
90,toyota_camry_2007 (180).jpg,1
91,toyota_camry_2007 (181).jpg,1
92,toyota_camry_2007 (182).jpg,1
93,toyota_camry_2007 (183).jpg,1
94,toyota_camry_2007 (184).jpg,1
95,toyota_camry_2007 (185).jpg,1
96,toyota_camry_2007 (186).jpg,1
97,toyota_camry_2007 (187).jpg,1
98,toyota_camry_2007 (188).jpg,1
99,toyota_camry_2007 (189).jpg,1
100,toyota_camry_2007 (19).jpg,1
101,toyota_camry_2007 (190).jpg,1
102,toyota_camry_2007 (191).jpg,1
103,toyota_camry_2007 (192).jpg,1
104,toyota_camry_2007 (193).jpg,1
105,toyota_camry_2007 (194).jpg,1
106,toyota_camry_2007 (195).jpg,1
107,toyota_camry_2007 (196).jpg,1
108,toyota_camry_2007 (197).jpg,1
109,toyota_camry_2007 (198).jpg,1
110,toyota_camry_2007 (199).jpg,1
111,toyota_camry_2007 (2).jpg,1
112,toyota_camry_2007 (20).jpg,1
113,toyota_camry_2007 (200).jpg,1
114,toyota_camry_2007 (201).jpg,1
115,toyota_camry_2007 (202).jpg,1
116,toyota_camry_2007 (203).jpg,1
117,toyota_camry_2007 (204).jpg,1
118,toyota_camry_2007 (205).jpg,1
119,toyota_camry_2007 (206).jpg,1
120,toyota_camry_2007 (207).jpg,1
121,toyota_camry_2007 (208).jpg,1
122,toyota_camry_2007 (209).jpg,1
123,toyota_camry_2007 (21).jpg,1
124,toyota_camry_2007 (210).jpg,1
125,toyota_camry_2007 (211).jpg,1
126,toyota_camry_2007 (212).jpg,1
127,toyota_camry_2007 (213).jpg,1
128,toyota_camry_2007 (214).jpg,1
129,toyota_camry_2007 (215).jpg,1
130,toyota_camry_2007 (216).jpg,1
131,toyota_camry_2007 (217).jpg,1
132,toyota_camry_2007 (218).jpg,1
133,toyota_camry_2007 (219).jpg,1
134,toyota_camry_2007 (22).jpg,1
135,toyota_camry_2007 (220).jpg,1
136,toyota_camry_2007 (221).jpg,1
137,toyota_camry_2007 (222).jpg,1
138,toyota_camry_2007 (223).jpg,1
139,toyota_camry_2007 (224).jpg,1
140,toyota_camry_2007 (225).jpg,1
141,toyota_camry_2007 (226).jpg,1
142,toyota_camry_2007 (227).jpg,1
143,toyota_camry_2007 (228).jpg,1
144,toyota_camry_2007 (229).jpg,1
145,toyota_camry_2007 (23).jpg,1
146,toyota_camry_2007 (230).jpg,1
147,toyota_camry_2007 (231).jpg,1
148,toyota_camry_2007 (232).jpg,1
149,toyota_camry_2007 (233).jpg,1
150,toyota_camry_2007 (234).jpg,1
151,toyota_camry_2007 (235).jpg,1
152,toyota_camry_2007 (236).jpg,1
153,toyota_camry_2007 (237).jpg,1
154,toyota_camry_2007 (238).jpg,1
155,toyota_camry_2007 (239).jpg,1
156,toyota_camry_2007 (24).jpg,1
157,toyota_camry_2007 (240).jpg,1
158,toyota_camry_2007 (241).jpg,1
159,toyota_camry_2007 (242).jpg,1
160,toyota_camry_2007 (243).jpg,1
161,toyota_camry_2007 (244).jpg,1
162,toyota_camry_2007 (245).jpg,1
163,toyota_camry_2007 (246).jpg,1
164,toyota_camry_2007 (247).jpg,1
165,toyota_camry_2007 (248).jpg,1
166,toyota_camry_2007 (249).jpg,1
167,toyota_camry_2007 (25).jpg,1
168,toyota_camry_2007 (250).jpg,1
169,toyota_camry_2007 (251).jpg,1
170,toyota_camry_2007 (252).jpg,1
171,toyota_camry_2007 (253).jpg,1
172,toyota_camry_2007 (254).jpg,1
173,toyota_camry_2007 (255).jpg,1
174,toyota_camry_2007 (256).jpg,1
175,toyota_camry_2007 (257).jpg,1
176,toyota_camry_2007 (258).jpg,1
177,toyota_camry_2007 (259).jpg,1
178,toyota_camry_2007 (26).jpg,1
179,toyota_camry_2007 (260).jpg,1
180,toyota_camry_2007 (261).jpg,1
181,toyota_camry_2007 (262).jpg,1
182,toyota_camry_2007 (263).jpg,1
183,toyota_camry_2007 (264).jpg,1
184,toyota_camry_2007 (265).jpg,1
185,toyota_camry_2007 (266).jpg,1
186,toyota_camry_2007 (267).jpg,1
187,toyota_camry_2007 (268).jpg,1
188,toyota_camry_2007 (269).jpg,1
189,toyota_camry_2007 (27).jpg,1
190,toyota_camry_2007 (270).jpg,1
191,toyota_camry_2007 (271).jpg,1
192,toyota_camry_2007 (272).jpg,1
193,toyota_camry_2007 (273).jpg,1
194,toyota_camry_2007 (274).jpg,1
195,toyota_camry_2007 (275).jpg,1
196,toyota_camry_2007 (276).jpg,1
197,toyota_camry_2007 (277).jpg,1
198,toyota_camry_2007 (278).jpg,1
199,toyota_camry_2007 (279).jpg,1
200,toyota_camry_2007 (28).jpg,1
201,toyota_camry_2007 (280).jpg,1
202,toyota_camry_2007 (281).jpg,1
203,toyota_camry_2007 (282).jpg,1
204,toyota_camry_2007 (283).jpg,1
205,toyota_camry_2007 (284).jpg,1
206,toyota_camry_2007 (285).jpg,1
207,toyota_camry_2007 (286).jpg,1
208,toyota_camry_2007 (287).jpg,1
209,toyota_camry_2007 (288).jpg,1
210,toyota_camry_2007 (289).jpg,1
211,toyota_camry_2007 (290).jpg,1
212,toyota_camry_2007 (291).jpg,1
213,toyota_camry_2007 (292).jpg,1
214,toyota_camry_2007 (293).jpg,1
215,toyota_camry_2007 (294).jpg,1
216,toyota_camry_2007 (295).jpg,1
217,toyota_camry_2007 (296).jpg,1
218,toyota_camry_2007 (297).jpg,1
219,toyota_camry_2007 (298).jpg,1
220,toyota_camry_2007 (299).jpg,1
221,toyota_camry_2007 (3).jpg,1
222,toyota_camry_2007 (30).jpg,1
223,toyota_camry_2007 (300).jpg,1
224,toyota_camry_2007 (301).jpg,1
225,toyota_camry_2007 (302).jpg,1
226,toyota_camry_2007 (303).jpg,1
227,toyota_camry_2007 (304).jpg,1
228,toyota_camry_2007 (305).jpg,1
229,toyota_camry_2007 (306).jpg,1
230,toyota_camry_2007 (307).jpg,1
231,toyota_camry_2007 (308).jpg,1
232,toyota_camry_2007 (309).jpg,1
233,toyota_camry_2007 (31).jpg,1
234,toyota_camry_2007 (310).jpg,1
235,toyota_camry_2007 (311).jpg,1
236,toyota_camry_2007 (312).jpg,1
237,toyota_camry_2007 (313).jpg,1
238,toyota_camry_2007 (314).jpg,1
239,toyota_camry_2007 (315).jpg,1
240,toyota_camry_2007 (316).jpg,1
241,toyota_camry_2007 (317).jpg,1
242,toyota_camry_2007 (318).jpg,1
243,toyota_camry_2007 (319).jpg,1
244,toyota_camry_2007 (32).jpg,1
245,toyota_camry_2007 (320).jpg,1
246,toyota_camry_2007 (321).jpg,1
247,toyota_camry_2007 (322).jpg,1
248,toyota_camry_2007 (323).jpg,1
249,toyota_camry_2007 (324).jpg,1
250,toyota_camry_2007 (325).jpg,1
251,toyota_camry_2007 (326).jpg,1
252,toyota_camry_2007 (327).jpg,1
253,toyota_camry_2007 (328).jpg,1
254,toyota_camry_2007 (329).jpg,1
255,toyota_camry_2007 (33).jpg,1
256,toyota_camry_2007 (330).jpg,1
257,toyota_camry_2007 (331).jpg,1
258,toyota_camry_2007 (332).jpg,1
259,toyota_camry_2007 (333).jpg,1
260,toyota_camry_2007 (334).jpg,1
261,toyota_camry_2007 (335).jpg,1
262,toyota_camry_2007 (336).jpg,1
263,toyota_camry_2007 (337).jpg,1
264,toyota_camry_2007 (338).jpg,1
265,toyota_camry_2007 (339).jpg,1
266,toyota_camry_2007 (34).jpg,1
267,toyota_camry_2007 (340).jpg,1
268,toyota_camry_2007 (341).jpg,1
269,toyota_camry_2007 (342).jpg,1
270,toyota_camry_2007 (343).jpg,1
271,toyota_camry_2007 (344).jpg,1
272,toyota_camry_2007 (345).jpg,1
273,toyota_camry_2007 (346).jpg,1
274,toyota_camry_2007 (347).jpg,1
275,toyota_camry_2007 (348).jpg,1
276,toyota_camry_2007 (349).jpg,1
277,toyota_camry_2007 (35).jpg,1
278,toyota_camry_2007 (350).jpg,1
279,toyota_camry_2007 (351).jpg,1
280,toyota_camry_2007 (352).jpg,1
281,toyota_camry_2007 (353).jpg,1
282,toyota_camry_2007 (354).jpg,1
283,toyota_camry_2007 (355).jpg,1
284,toyota_camry_2007 (356).jpg,1
285,toyota_camry_2007 (357).jpg,1
286,toyota_camry_2007 (358).jpg,1
287,toyota_camry_2007 (359).jpg,1
288,toyota_camry_2007 (36).jpg,1
289,toyota_camry_2007 (360).jpg,1
290,toyota_camry_2007 (361).jpg,1
291,toyota_camry_2007 (362).jpg,1
292,toyota_camry_2007 (363).jpg,1
293,toyota_camry_2007 (364).jpg,1
294,toyota_camry_2007 (365).jpg,1
295,toyota_camry_2007 (366).jpg,1
296,toyota_camry_2007 (367).jpg,1
297,toyota_camry_2007 (368).jpg,1
298,toyota_camry_2007 (369).jpg,1
299,toyota_camry_2007 (37).jpg,1
300,toyota_camry_2007 (370).jpg,1
301,toyota_camry_2007 (371).jpg,1
302,toyota_camry_2007 (372).jpg,1
303,toyota_camry_2007 (373).jpg,1
304,toyota_camry_2007 (374).jpg,1
305,toyota_camry_2007 (375).jpg,1
306,toyota_camry_2007 (376).jpg,1
307,toyota_camry_2007 (377).jpg,1
308,toyota_camry_2007 (378).jpg,1
309,toyota_camry_2007 (379).jpg,1
310,toyota_camry_2007 (38).jpg,1
311,toyota_camry_2007 (380).jpg,1
312,toyota_camry_2007 (381).jpg,1
313,toyota_camry_2007 (382).jpg,1
314,toyota_camry_2007 (383).jpg,1
315,toyota_camry_2007 (384).jpg,1
316,toyota_camry_2007 (385).jpg,1
317,toyota_camry_2007 (386).jpg,1
318,toyota_camry_2007 (387).jpg,1
319,toyota_camry_2007 (388).jpg,1
320,toyota_camry_2007 (389).jpg,1
321,toyota_camry_2007 (39).jpg,1
322,toyota_camry_2007 (390).jpg,1
323,toyota_camry_2007 (391).jpg,1
324,toyota_camry_2007 (392).jpg,1
325,toyota_camry_2007 (393).jpg,1
326,toyota_camry_2007 (395).jpg,1
327,toyota_camry_2007 (396).jpg,1
328,toyota_camry_2007 (397).jpg,1
329,toyota_camry_2007 (398).jpg,1
330,toyota_camry_2007 (399).jpg,1
331,toyota_camry_2007 (4).jpg,1
332,toyota_camry_2007 (40).jpg,1
333,toyota_camry_2007 (400).jpg,1
334,toyota_camry_2007 (401).jpg,1
335,toyota_camry_2007 (402).jpg,1
336,toyota_camry_2007 (403).jpg,1
337,toyota_camry_2007 (404).jpg,1
338,toyota_camry_2007 (405).jpg,1
339,toyota_camry_2007 (406).jpg,1
340,toyota_camry_2007 (407).jpg,1
341,toyota_camry_2007 (408).jpg,1
342,toyota_camry_2007 (409).jpg,1
343,toyota_camry_2007 (41).jpg,1
344,toyota_camry_2007 (410).jpg,1
345,toyota_camry_2007 (411).jpg,1
346,toyota_camry_2007 (412).jpg,1
347,toyota_camry_2007 (413).jpg,1
348,toyota_camry_2007 (414).jpg,1
349,toyota_camry_2007 (415).jpg,1
350,toyota_camry_2007 (416).jpg,1
351,toyota_camry_2007 (417).jpg,1
352,toyota_camry_2007 (418).jpg,1
353,toyota_camry_2007 (419).jpg,1
354,toyota_camry_2007 (42).jpg,1
355,toyota_camry_2007 (420).jpg,1
356,toyota_camry_2007 (421).jpg,1
357,toyota_camry_2007 (422).jpg,1
358,toyota_camry_2007 (423).jpg,1
359,toyota_camry_2007 (424).jpg,1
360,toyota_camry_2007 (425).jpg,1
361,toyota_camry_2007 (426).jpg,1
362,toyota_camry_2007 (427).jpg,1
363,toyota_camry_2007 (428).jpg,1
364,toyota_camry_2007 (429).jpg,1
365,toyota_camry_2007 (43).jpg,1
366,toyota_camry_2007 (430).jpg,1
367,toyota_camry_2007 (431).jpg,1
368,toyota_camry_2007 (432).jpg,1
369,toyota_camry_2007 (433).jpg,1
370,toyota_camry_2007 (434).jpg,1
371,toyota_camry_2007 (435).jpg,1
372,toyota_camry_2007 (436).jpg,1
373,toyota_camry_2007 (437).jpg,1
374,toyota_camry_2007 (438).jpg,1
375,toyota_camry_2007 (439).jpg,1
376,toyota_camry_2007 (44).jpg,1
377,toyota_camry_2007 (440).jpg,1
378,toyota_camry_2007 (441).jpg,1
379,toyota_camry_2007 (442).jpg,1
380,toyota_camry_2007 (443).jpg,1
381,toyota_camry_2007 (444).jpg,1
382,toyota_camry_2007 (445).jpg,1
383,toyota_camry_2007 (446).jpg,1
384,toyota_camry_2007 (447).jpg,1
385,toyota_camry_2007 (448).jpg,1
386,toyota_camry_2007 (449).jpg,1
387,toyota_camry_2007 (45).jpg,1
388,toyota_camry_2007 (450).jpg,1
389,toyota_camry_2007 (451).jpg,1
390,toyota_camry_2007 (452).jpg,1
391,toyota_camry_2007 (453).jpg,1
392,toyota_camry_2007 (454).jpg,1
393,toyota_camry_2007 (455).jpg,1
394,toyota_camry_2007 (456).jpg,1
395,toyota_camry_2007 (457).jpg,1
396,toyota_camry_2007 (458).jpg,1
397,toyota_camry_2007 (459).jpg,1
398,toyota_camry_2007 (46).jpg,1
399,toyota_camry_2007 (460).jpg,1
400,toyota_camry_2007 (461).jpg,1
401,toyota_camry_2007 (462).jpg,1
402,toyota_camry_2007 (463).jpg,1
403,toyota_camry_2007 (464).jpg,1
404,toyota_camry_2007 (465).jpg,1
405,toyota_camry_2007 (466).jpg,1
406,toyota_camry_2007 (467).jpg,1
407,toyota_camry_2007 (468).jpg,1
408,toyota_camry_2007 (469).jpg,1
409,toyota_camry_2007 (47).jpg,1
410,toyota_camry_2007 (470).jpg,1
411,toyota_camry_2007 (471).jpg,1
412,toyota_camry_2007 (472).jpg,1
413,toyota_camry_2007 (473).jpg,1
414,toyota_camry_2007 (474).jpg,1
415,toyota_camry_2007 (475).jpg,1
416,toyota_camry_2007 (476).jpg,1
417,toyota_camry_2007 (477).jpg,1
418,toyota_camry_2007 (478).jpg,1
419,toyota_camry_2007 (479).jpg,1
420,toyota_camry_2007 (48).jpg,1
421,toyota_camry_2007 (480).jpg,1
422,toyota_camry_2007 (481).jpg,1
423,toyota_camry_2007 (482).jpg,1
424,toyota_camry_2007 (483).jpg,1
425,toyota_camry_2007 (484).jpg,1
426,toyota_camry_2007 (485).jpg,1
427,toyota_camry_2007 (486).jpg,1
428,toyota_camry_2007 (487).jpg,1
429,toyota_camry_2007 (488).jpg,1
430,toyota_camry_2007 (489).jpg,1
431,toyota_camry_2007 (49).jpg,1
432,toyota_camry_2007 (490).jpg,1
433,toyota_camry_2007 (491).jpg,1
434,toyota_camry_2007 (492).jpg,1
435,toyota_camry_2007 (493).jpg,1
436,toyota_camry_2007 (494).jpg,1
437,toyota_camry_2007 (495).jpg,1
438,toyota_camry_2007 (496).jpg,1
439,toyota_camry_2007 (497).jpg,1
440,toyota_camry_2007 (498).jpg,1
441,toyota_camry_2007 (499).jpg,1
442,toyota_camry_2007 (5).jpg,1
443,toyota_camry_2007 (50).jpg,1
444,toyota_camry_2007 (500).jpg,1
445,toyota_camry_2007 (501).jpg,1
446,toyota_camry_2007 (502).jpg,1
447,toyota_camry_2007 (503).jpg,1
448,toyota_camry_2007 (504).jpg,1
449,toyota_camry_2007 (505).jpg,1
450,toyota_camry_2007 (506).jpg,1
451,toyota_camry_2007 (507).jpg,1
452,toyota_camry_2007 (508).jpg,1
453,toyota_camry_2007 (509).jpg,1
454,toyota_camry_2007 (51).jpg,1
455,toyota_camry_2007 (510).jpg,1
456,toyota_camry_2007 (511).jpg,1
457,toyota_camry_2007 (512).jpg,1
458,toyota_camry_2007 (513).jpg,1
459,toyota_camry_2007 (514).jpg,1
460,toyota_camry_2007 (515).jpg,1
461,toyota_camry_2007 (516).jpg,1
462,toyota_camry_2007 (517).jpg,1
463,toyota_camry_2007 (518).jpg,1
464,toyota_camry_2007 (519).jpg,1
465,toyota_camry_2007 (52).jpg,1
466,toyota_camry_2007 (520).jpg,1
467,toyota_camry_2007 (521).jpg,1
468,toyota_camry_2007 (522).jpg,1
469,toyota_camry_2007 (523).jpg,1
470,toyota_camry_2007 (524).jpg,1
471,toyota_camry_2007 (525).jpg,1
472,toyota_camry_2007 (526).jpg,1
473,toyota_camry_2007 (527).jpg,1
474,toyota_camry_2007 (528).jpg,1
475,toyota_camry_2007 (529).jpg,1
476,toyota_camry_2007 (53).jpg,1
477,toyota_camry_2007 (530).jpg,1
478,toyota_camry_2007 (531).jpg,1
479,toyota_camry_2007 (532).jpg,1
480,toyota_camry_2007 (533).jpg,1
481,toyota_camry_2007 (534).jpg,1
482,toyota_camry_2007 (535).jpg,1
483,toyota_camry_2007 (536).jpg,1
484,toyota_camry_2007 (537).jpg,1
485,toyota_camry_2007 (538).jpg,1
486,toyota_camry_2007 (539).jpg,1
487,toyota_camry_2007 (54).jpg,1
488,toyota_camry_2007 (540).jpg,1
489,toyota_camry_2007 (541).jpg,1
490,toyota_camry_2007 (542).jpg,1
491,toyota_camry_2007 (543).jpg,1
492,toyota_camry_2007 (544).jpg,1
493,toyota_camry_2007 (545).jpg,1
494,toyota_camry_2007 (546).jpg,1
495,toyota_camry_2007 (547).jpg,1
496,toyota_camry_2007 (548).jpg,1
497,toyota_camry_2007 (549).jpg,1
498,toyota_camry_2007 (55).jpg,1
499,toyota_camry_2007 (550).jpg,1
500,toyota_camry_2007 (551).jpg,1
501,toyota_camry_2007 (552).jpg,1
502,toyota_camry_2007 (553).jpg,1
503,toyota_camry_2007 (554).jpg,1
504,toyota_camry_2007 (555).jpg,1
505,toyota_camry_2007 (556).jpg,1
506,toyota_camry_2007 (557).jpg,1
507,toyota_camry_2007 (558).jpg,1
508,toyota_camry_2007 (559).jpg,1
509,toyota_camry_2007 (56).jpg,1
510,toyota_camry_2007 (560).jpg,1
511,toyota_camry_2007 (561).jpg,1
512,toyota_camry_2007 (562).jpg,1
513,toyota_camry_2007 (563).jpg,1
514,toyota_camry_2007 (564).jpg,1
515,toyota_camry_2007 (565).jpg,1
516,toyota_camry_2007 (566).jpg,1
517,toyota_camry_2007 (567).jpg,1
518,toyota_camry_2007 (568).jpg,1
519,toyota_camry_2007 (569).jpg,1
520,toyota_camry_2007 (57).jpg,1
521,toyota_camry_2007 (570).jpg,1
522,toyota_camry_2007 (571).jpg,1
523,toyota_camry_2007 (572).jpg,1
524,toyota_camry_2007 (573).jpg,1
525,toyota_camry_2007 (574).jpg,1
526,toyota_camry_2007 (575).jpg,1
527,toyota_camry_2007 (576).jpg,1
528,toyota_camry_2007 (577).jpg,1
529,toyota_camry_2007 (578).jpg,1
530,toyota_camry_2007 (579).jpg,1
531,toyota_camry_2007 (58).jpg,1
532,toyota_camry_2007 (580).jpg,1
533,toyota_camry_2007 (581).jpg,1
534,toyota_camry_2007 (582).jpg,1
535,toyota_camry_2007 (583).jpg,1
536,toyota_camry_2007 (584).jpg,1
537,toyota_camry_2007 (585).jpg,1
538,toyota_camry_2007 (586).jpg,1
539,toyota_camry_2007 (587).jpg,1
540,toyota_camry_2007 (588).jpg,1
541,toyota_camry_2007 (589).jpg,1
542,toyota_camry_2007 (59).jpg,1
543,toyota_camry_2007 (590).jpg,1
544,toyota_camry_2007 (591).jpg,1
545,toyota_camry_2007 (592).jpg,1
546,toyota_camry_2007 (593).jpg,1
547,toyota_camry_2007 (594).jpg,1
548,toyota_camry_2007 (595).jpg,1
549,toyota_camry_2007 (596).jpg,1
550,toyota_camry_2007 (597).jpg,1
551,toyota_camry_2007 (598).jpg,1
552,toyota_camry_2007 (599).jpg,1
553,toyota_camry_2007 (6).jpg,1
554,toyota_camry_2007 (60).jpg,1
555,toyota_camry_2007 (600).jpg,1
556,toyota_camry_2007 (601).jpg,1
557,toyota_camry_2007 (602).jpg,1
558,toyota_camry_2007 (603).jpg,1
559,toyota_camry_2007 (604).jpg,1
560,toyota_camry_2007 (605).jpg,1
561,toyota_camry_2007 (606).jpg,1
562,toyota_camry_2007 (607).jpg,1
563,toyota_camry_2007 (608).jpg,1
564,toyota_camry_2007 (609).jpg,1
565,toyota_camry_2007 (61).jpg,1
566,toyota_camry_2007 (610).jpg,1
567,toyota_camry_2007 (611).jpg,1
568,toyota_camry_2007 (612).jpg,1
569,toyota_camry_2007 (613).jpg,1
570,toyota_camry_2007 (614).jpg,1
571,toyota_camry_2007 (615).jpg,1
572,toyota_camry_2007 (616).jpg,1
573,toyota_camry_2007 (617).jpg,1
574,toyota_camry_2007 (618).jpg,1
575,toyota_camry_2007 (619).jpg,1
576,toyota_camry_2007 (62).jpg,1
577,toyota_camry_2007 (620).jpg,1
578,toyota_camry_2007 (621).jpg,1
579,toyota_camry_2007 (622).jpg,1
580,toyota_camry_2007 (623).jpg,1
581,toyota_camry_2007 (624).jpg,1
582,toyota_camry_2007 (625).jpg,1
583,toyota_camry_2007 (626).jpg,1
584,toyota_camry_2007 (627).jpg,1
585,toyota_camry_2007 (628).jpg,1
586,toyota_camry_2007 (629).jpg,1
587,toyota_camry_2007 (63).jpg,1
588,toyota_camry_2007 (630).jpg,1
589,toyota_camry_2007 (631).jpg,1
590,toyota_camry_2007 (632).jpg,1
591,toyota_camry_2007 (633).jpg,1
592,toyota_camry_2007 (634).jpg,1
593,toyota_camry_2007 (635).jpg,1
594,toyota_camry_2007 (636).jpg,1
595,toyota_camry_2007 (637).jpg,1
596,toyota_camry_2007 (638).jpg,1
597,toyota_camry_2007 (639).jpg,1
598,toyota_camry_2007 (64).jpg,1
599,toyota_camry_2007 (640).jpg,1
600,toyota_camry_2007 (641).jpg,1
601,toyota_camry_2007 (642).jpg,1
602,toyota_camry_2007 (643).jpg,1
603,toyota_camry_2007 (644).jpg,1
604,toyota_camry_2007 (645).jpg,1
605,toyota_camry_2007 (646).jpg,1
606,toyota_camry_2007 (647).jpg,1
607,toyota_camry_2007 (648).jpg,1
608,toyota_camry_2007 (649).jpg,1
609,toyota_camry_2007 (65).jpg,1
610,toyota_camry_2007 (650).jpg,1
611,toyota_camry_2007 (651).jpg,1
612,toyota_camry_2007 (652).jpg,1
613,toyota_camry_2007 (653).jpg,1
614,toyota_camry_2007 (654).jpg,1
615,toyota_camry_2007 (655).jpg,1
616,toyota_camry_2007 (656).jpg,1
617,toyota_camry_2007 (657).jpg,1
618,toyota_camry_2007 (658).jpg,1
619,toyota_camry_2007 (659).jpg,1
620,toyota_camry_2007 (66).jpg,1
621,toyota_camry_2007 (660).jpg,1
622,toyota_camry_2007 (661).jpg,1
623,toyota_camry_2007 (662).jpg,1
624,toyota_camry_2007 (663).jpg,1
625,toyota_camry_2007 (664).jpg,1
626,toyota_camry_2007 (665).jpg,1
627,toyota_camry_2007 (666).jpg,1
628,toyota_camry_2007 (667).jpg,1
629,toyota_camry_2007 (668).jpg,1
630,toyota_camry_2007 (669).jpg,1
631,toyota_camry_2007 (67).jpg,1
632,toyota_camry_2007 (670).jpg,1
633,toyota_camry_2007 (671).jpg,1
634,toyota_camry_2007 (672).jpg,1
635,toyota_camry_2007 (673).jpg,1
636,toyota_camry_2007 (674).jpg,1
637,toyota_camry_2007 (675).jpg,1
638,toyota_camry_2007 (676).jpg,1
639,toyota_camry_2007 (677).jpg,1
640,toyota_camry_2007 (678).jpg,1
641,toyota_camry_2007 (679).jpg,1
642,toyota_camry_2007 (68).jpg,1
643,toyota_camry_2007 (680).jpg,1
644,toyota_camry_2007 (681).jpg,1
645,toyota_camry_2007 (682).jpg,1
646,toyota_camry_2007 (683).jpg,1
647,toyota_camry_2007 (684).jpg,1
648,toyota_camry_2007 (685).jpg,1
649,toyota_camry_2007 (686).jpg,1
650,toyota_camry_2007 (687).jpg,1
651,toyota_camry_2007 (688).jpg,1
652,toyota_camry_2007 (689).jpg,1
653,toyota_camry_2007 (69).jpg,1
654,toyota_camry_2007 (690).jpg,1
655,toyota_camry_2007 (691).jpg,1
656,toyota_camry_2007 (692).jpg,1
657,toyota_camry_2007 (693).jpg,1
658,toyota_camry_2007 (694).jpg,1
659,toyota_camry_2007 (695).jpg,1
660,toyota_camry_2007 (696).jpg,1
661,toyota_camry_2007 (697).jpg,1
662,toyota_camry_2007 (698).jpg,1
663,toyota_camry_2007 (699).jpg,1
664,toyota_camry_2007 (7).jpg,1
665,toyota_camry_2007 (70).jpg,1
666,toyota_camry_2007 (700).jpg,1
667,toyota_camry_2007 (701).jpg,1
668,toyota_camry_2007 (702).jpg,1
669,toyota_camry_2007 (703).jpg,1
670,toyota_camry_2007 (704).jpg,1
671,toyota_camry_2007 (705).jpg,1
672,toyota_camry_2007 (706).jpg,1
673,toyota_camry_2007 (707).jpg,1
674,toyota_camry_2007 (708).jpg,1
675,toyota_camry_2007 (709).jpg,1
676,toyota_camry_2007 (71).jpg,1
677,toyota_camry_2007 (710).jpg,1
678,toyota_camry_2007 (711).jpg,1
679,toyota_camry_2007 (712).jpg,1
680,toyota_camry_2007 (713).jpg,1
681,toyota_camry_2007 (714).jpg,1
682,toyota_camry_2007 (715).jpg,1
683,toyota_camry_2007 (716).jpg,1
684,toyota_camry_2007 (717).jpg,1
685,toyota_camry_2007 (718).jpg,1
686,toyota_camry_2007 (719).jpg,1
687,toyota_camry_2007 (72).jpg,1
688,toyota_camry_2007 (720).jpg,1
689,toyota_camry_2007 (721).jpg,1
690,toyota_camry_2007 (722).jpg,1
691,toyota_camry_2007 (723).jpg,1
692,toyota_camry_2007 (724).jpg,1
693,toyota_camry_2007 (725).jpg,1
694,toyota_camry_2007 (726).jpg,1
695,toyota_camry_2007 (727).jpg,1
696,toyota_camry_2007 (728).jpg,1
697,toyota_camry_2007 (729).jpg,1
698,toyota_camry_2007 (73).jpg,1
699,toyota_camry_2007 (730).jpg,1
700,toyota_camry_2007 (731).jpg,1
701,toyota_camry_2007 (732).jpg,1
702,toyota_camry_2007 (733).jpg,1
703,toyota_camry_2007 (734).jpg,1
704,toyota_camry_2007 (735).jpg,1
705,toyota_camry_2007 (736).jpg,1
706,toyota_camry_2007 (737).jpg,1
707,toyota_camry_2007 (738).jpg,1
708,toyota_camry_2007 (739).jpg,1
709,toyota_camry_2007 (74).jpg,1
710,toyota_camry_2007 (740).jpg,1
711,toyota_camry_2007 (741).jpg,1
712,toyota_camry_2007 (742).jpg,1
713,toyota_camry_2007 (743).jpg,1
714,toyota_camry_2007 (744).jpg,1
715,toyota_camry_2007 (745).jpg,1
716,toyota_camry_2007 (746).jpg,1
717,toyota_camry_2007 (747).jpg,1
718,toyota_camry_2007 (748).jpg,1
719,toyota_camry_2007 (749).jpg,1
720,toyota_camry_2007 (75).jpg,1
721,toyota_camry_2007 (750).jpg,1
722,toyota_camry_2007 (751).jpg,1
723,toyota_camry_2007 (752).jpg,1
724,toyota_camry_2007 (753).jpg,1
725,toyota_camry_2007 (754).jpg,1
726,toyota_camry_2007 (755).jpg,1
727,toyota_camry_2007 (756).jpg,1
728,toyota_camry_2007 (757).jpg,1
729,toyota_camry_2007 (758).jpg,1
730,toyota_camry_2007 (759).jpg,1
731,toyota_camry_2007 (76).jpg,1
732,toyota_camry_2007 (760).jpg,1
733,toyota_camry_2007 (761).jpg,1
734,toyota_camry_2007 (762).jpg,1
735,toyota_camry_2007 (763).jpg,1
736,toyota_camry_2007 (764).jpg,1
737,toyota_camry_2007 (765).jpg,1
738,toyota_camry_2007 (766).jpg,1
739,toyota_camry_2007 (767).jpg,1
740,toyota_camry_2007 (768).jpg,1
741,toyota_camry_2007 (769).jpg,1
742,toyota_camry_2007 (77).jpg,1
743,toyota_camry_2007 (770).jpg,1
744,toyota_camry_2007 (771).jpg,1
745,toyota_camry_2007 (772).jpg,1
746,toyota_camry_2007 (773).jpg,1
747,toyota_camry_2007 (774).jpg,1
748,toyota_camry_2007 (775).jpg,1
749,toyota_camry_2007 (776).jpg,1
750,toyota_camry_2007 (777).jpg,1
751,toyota_camry_2007 (778).jpg,1
752,toyota_camry_2007 (779).jpg,1
753,toyota_camry_2007 (78).jpg,1
754,toyota_camry_2007 (780).jpg,1
755,toyota_camry_2007 (781).jpg,1
756,toyota_camry_2007 (782).jpg,1
757,toyota_camry_2007 (783).jpg,1
758,toyota_camry_2007 (784).jpg,1
759,toyota_camry_2007 (785).jpg,1
760,toyota_camry_2007 (786).jpg,1
761,toyota_camry_2007 (787).jpg,1
762,toyota_camry_2007 (788).jpg,1
763,toyota_camry_2007 (789).jpg,1
764,toyota_camry_2007 (79).jpg,1
765,toyota_camry_2007 (790).jpg,1
766,toyota_camry_2007 (791).jpg,1
767,toyota_camry_2007 (792).jpg,1
768,toyota_camry_2007 (793).jpg,1
769,toyota_camry_2007 (794).jpg,1
770,toyota_camry_2007 (795).jpg,1
771,toyota_camry_2007 (796).jpg,1
772,toyota_camry_2007 (797).jpg,1
773,toyota_camry_2007 (798).jpg,1
774,toyota_camry_2007 (799).jpg,1
775,toyota_camry_2007 (8).jpg,1
776,toyota_camry_2007 (80).jpg,1
777,toyota_camry_2007 (800).jpg,1
778,toyota_camry_2007 (801).jpg,1
779,toyota_camry_2007 (802).jpg,1
780,toyota_camry_2007 (803).jpg,1
781,toyota_camry_2007 (804).jpg,1
782,toyota_camry_2007 (805).jpg,1
783,toyota_camry_2007 (806).jpg,1
784,toyota_camry_2007 (807).jpg,1
785,toyota_camry_2007 (808).jpg,1
786,toyota_camry_2007 (809).jpg,1
787,toyota_camry_2007 (81).jpg,1
788,toyota_camry_2007 (810).jpg,1
789,toyota_camry_2007 (811).jpg,1
790,toyota_camry_2007 (812).jpg,1
791,toyota_camry_2007 (813).jpg,1
792,toyota_camry_2007 (814).jpg,1
793,toyota_camry_2007 (815).jpg,1
794,toyota_camry_2007 (816).jpg,1
795,toyota_camry_2007 (817).jpg,1
796,toyota_camry_2007 (818).jpg,1
797,toyota_camry_2007 (819).jpg,1
798,toyota_camry_2007 (82).jpg,1
799,toyota_camry_2007 (820).jpg,1
800,toyota_camry_2007 (821).jpg,1
801,toyota_camry_2007 (822).jpg,1
802,toyota_camry_2007 (823).jpg,1
803,toyota_camry_2007 (824).jpg,1
804,toyota_camry_2007 (825).jpg,1
805,toyota_camry_2007 (826).jpg,1
806,toyota_camry_2007 (827).jpg,1
807,toyota_camry_2007 (828).jpg,1
808,toyota_camry_2007 (829).jpg,1
809,toyota_camry_2007 (83).jpg,1
810,toyota_camry_2007 (830).jpg,1
811,toyota_camry_2007 (831).jpg,1
812,toyota_camry_2007 (832).jpg,1
813,toyota_camry_2007 (833).jpg,1
814,toyota_camry_2007 (834).jpg,1
815,toyota_camry_2007 (835).jpg,1
816,toyota_camry_2007 (836).jpg,1
817,toyota_camry_2007 (837).jpg,1
818,toyota_camry_2007 (838).jpg,1
819,toyota_camry_2007 (839).jpg,1
820,toyota_camry_2007 (84).jpg,1
821,toyota_camry_2007 (840).jpg,1
822,toyota_camry_2007 (841).jpg,1
823,toyota_camry_2007 (842).jpg,1
824,toyota_camry_2007 (843).jpg,1
825,toyota_camry_2007 (844).jpg,1
826,toyota_camry_2007 (845).jpg,1
827,toyota_camry_2007 (846).jpg,1
828,toyota_camry_2007 (847).jpg,1
829,toyota_camry_2007 (848).jpg,1
830,toyota_camry_2007 (849).jpg,1
831,toyota_camry_2007 (85).jpg,1
832,toyota_camry_2007 (850).jpg,1
833,toyota_camry_2007 (851).jpg,1
834,toyota_camry_2007 (852).jpg,1
835,toyota_camry_2007 (853).jpg,1
836,toyota_camry_2007 (854).jpg,1
837,toyota_camry_2007 (855).jpg,1
838,toyota_camry_2007 (856).jpg,1
839,toyota_camry_2007 (857).jpg,1
840,toyota_camry_2007 (858).jpg,1
841,toyota_camry_2007 (859).jpg,1
842,toyota_camry_2007 (86).jpg,1
843,toyota_camry_2007 (860).jpg,1
844,toyota_camry_2007 (861).jpg,1
845,toyota_camry_2007 (862).jpg,1
846,toyota_camry_2007 (863).jpg,1
847,toyota_camry_2007 (864).jpg,1
848,toyota_camry_2007 (865).jpg,1
849,toyota_camry_2007 (866).jpg,1
850,toyota_camry_2007 (867).jpg,1
851,toyota_camry_2007 (868).jpg,1
852,toyota_camry_2007 (869).jpg,1
853,toyota_camry_2007 (87).jpg,1
854,toyota_camry_2007 (870).jpg,1
855,toyota_camry_2007 (871).jpg,1
856,toyota_camry_2007 (872).jpg,1
857,toyota_camry_2007 (873).jpg,1
858,toyota_camry_2007 (874).jpg,1
859,toyota_camry_2007 (875).jpg,1
860,toyota_camry_2007 (876).jpg,1
861,toyota_camry_2007 (877).jpg,1
862,toyota_camry_2007 (878).jpg,1
863,toyota_camry_2007 (879).jpg,1
864,toyota_camry_2007 (88).jpg,1
865,toyota_camry_2007 (880).jpg,1
866,toyota_camry_2007 (881).jpg,1
867,toyota_camry_2007 (882).jpg,1
868,toyota_camry_2007 (883).jpg,1
869,toyota_camry_2007 (884).jpg,1
870,toyota_camry_2007 (885).jpg,1
871,toyota_camry_2007 (886).jpg,1
872,toyota_camry_2007 (887).jpg,1
873,toyota_camry_2007 (888).jpg,1
874,toyota_camry_2007 (889).jpg,1
875,toyota_camry_2007 (89).jpg,1
876,toyota_camry_2007 (890).jpg,1
877,toyota_camry_2007 (891).jpg,1
878,toyota_camry_2007 (892).jpg,1
879,toyota_camry_2007 (893).jpg,1
880,toyota_camry_2007 (894).jpg,1
881,toyota_camry_2007 (895).jpg,1
882,toyota_camry_2007 (896).jpg,1
883,toyota_camry_2007 (897).jpg,1
884,toyota_camry_2007 (898).jpg,1
885,toyota_camry_2007 (899).jpg,1
886,toyota_camry_2007 (9).jpg,1
887,toyota_camry_2007 (90).jpg,1
888,toyota_camry_2007 (900).jpg,1
889,toyota_camry_2007 (901).jpg,1
890,toyota_camry_2007 (902).jpg,1
891,toyota_camry_2007 (903).jpg,1
892,toyota_camry_2007 (904).jpg,1
893,toyota_camry_2007 (905).jpg,1
894,toyota_camry_2007 (906).jpg,1
895,toyota_camry_2007 (907).jpg,1
896,toyota_camry_2007 (908).jpg,1
897,toyota_camry_2007 (909).jpg,1
898,toyota_camry_2007 (91).jpg,1
899,toyota_camry_2007 (910).jpg,1
900,toyota_camry_2007 (911).jpg,1
901,toyota_camry_2007 (912).jpg,1
902,toyota_camry_2007 (913).jpg,1
903,toyota_camry_2007 (914).jpg,1
904,toyota_camry_2007 (915).jpg,1
905,toyota_camry_2007 (916).jpg,1
906,toyota_camry_2007 (917).jpg,1
907,toyota_camry_2007 (918).jpg,1
908,toyota_camry_2007 (919).jpg,1
909,toyota_camry_2007 (92).jpg,1
910,toyota_camry_2007 (920).jpg,1
911,toyota_camry_2007 (921).jpg,1
912,toyota_camry_2007 (922).jpg,1
913,toyota_camry_2007 (923).jpg,1
914,toyota_camry_2007 (924).jpg,1
915,toyota_camry_2007 (925).jpg,1
916,toyota_camry_2007 (926).jpg,1
917,toyota_camry_2007 (927).jpg,1
918,toyota_camry_2007 (928).jpg,1
919,toyota_camry_2007 (929).jpg,1
920,toyota_camry_2007 (93).jpg,1
921,toyota_camry_2007 (930).jpg,1
922,toyota_camry_2007 (931).jpg,1
923,toyota_camry_2007 (932).jpg,1
924,toyota_camry_2007 (933).jpg,1
925,toyota_camry_2007 (934).jpg,1
926,toyota_camry_2007 (935).jpg,1
927,toyota_camry_2007 (936).jpg,1
928,toyota_camry_2007 (937).jpg,1
929,toyota_camry_2007 (938).jpg,1
930,toyota_camry_2007 (939).jpg,1
931,toyota_camry_2007 (94).jpg,1
932,toyota_camry_2007 (95).jpg,1
933,toyota_camry_2007 (96).jpg,1
934,toyota_camry_2007 (97).jpg,1
935,toyota_camry_2007 (98).jpg,1
936,toyota_camry_2007 (99).jpg,1
937,toyota_camry_2007_29.jpg,1
938,toyota_camry_2007_394.jpg,1
939,toyota_camry_2007 (10).jpg,1
940,toyota_camry_2007 (11).jpg,1
941,toyota_camry_2007 (12).jpg,1
942,toyota_camry_2007 (13).jpg,1
943,toyota_camry_2007 (14).jpg,1
944,toyota_camry_2007 (15).jpg,1
945,toyota_camry_2007 (16).jpg,1
946,toyota_camry_2007 (17).jpg,1
947,toyota_camry_2007 (18).jpg,1
948,toyota_camry_2007 (19).jpg,1
949,toyota_camry_2007 (2).jpg,1
950,toyota_camry_2007 (20).jpg,1
951,toyota_camry_2007 (21).jpg,1
952,toyota_camry_2007 (22).jpg,1
953,toyota_camry_2007 (23).jpg,1
954,toyota_camry_2007 (24).jpg,1
955,toyota_camry_2007 (25).jpg,1
956,toyota_camry_2007 (26).jpg,1
957,toyota_camry_2007 (27).jpg,1
958,toyota_camry_2007 (272).jpg,1
959,toyota_camry_2007 (273).jpg,1
960,toyota_camry_2007 (274).jpg,1
961,toyota_camry_2007 (275).jpg,1
962,toyota_camry_2007 (276).jpg,1
963,toyota_camry_2007 (277).jpg,1
964,toyota_camry_2007 (278).jpg,1
965,toyota_camry_2007 (279).jpg,1
966,toyota_camry_2007 (28).jpg,1
967,toyota_camry_2007 (280).jpg,1
968,toyota_camry_2007 (281).jpg,1
969,toyota_camry_2007 (282).jpg,1
970,toyota_camry_2007 (283).jpg,1
971,toyota_camry_2007 (284).jpg,1
972,toyota_camry_2007 (285).jpg,1
973,toyota_camry_2007 (286).jpg,1
974,toyota_camry_2007 (287).jpg,1
975,toyota_camry_2007 (288).jpg,1
976,toyota_camry_2007 (289).jpg,1
977,toyota_camry_2007 (290).jpg,1
978,toyota_camry_2007 (291).jpg,1
979,toyota_camry_2007 (3).jpg,1
980,toyota_camry_2007 (30).jpg,1
981,toyota_camry_2007 (31).jpg,1
982,toyota_camry_2007 (32).jpg,1
983,toyota_camry_2007 (33).jpg,1
984,toyota_camry_2007 (34).jpg,1
985,toyota_camry_2007 (35).jpg,1
986,toyota_camry_2007 (36).jpg,1
987,toyota_camry_2007 (37).jpg,1
988,toyota_camry_2007 (38).jpg,1
989,toyota_camry_2007 (39).jpg,1
990,toyota_camry_2007 (4).jpg,1
991,toyota_camry_2007 (40).jpg,1
992,toyota_camry_2007 (41).jpg,1
993,toyota_camry_2007 (42).jpg,1
994,toyota_camry_2007 (43).jpg,1
995,toyota_camry_2007 (44).jpg,1
996,toyota_camry_2007 (45).jpg,1
997,toyota_camry_2007 (46).jpg,1
998,toyota_camry_2007 (47).jpg,1
999,toyota_camry_2007 (48).jpg,1
1000,toyota_camry_2007 (49).jpg,1
1001,toyota_camry_2007 (5).jpg,1
1002,toyota_camry_2007 (50).jpg,1
1003,toyota_camry_2007 (51).jpg,1
1004,toyota_camry_2007 (52).jpg,1
1005,toyota_camry_2007 (53).jpg,1
1006,toyota_camry_2007 (54).jpg,1
1007,toyota_camry_2007 (55).jpg,1
1008,toyota_camry_2007 (56).jpg,1
1009,toyota_camry_2007 (57).jpg,1
1010,toyota_camry_2007 (58).jpg,1
1011,toyota_camry_2007 (59).jpg,1
1012,toyota_camry_2007 (6).jpg,1
1013,toyota_camry_2007 (7).jpg,1
1014,toyota_camry_2007 (785).jpg,1
1015,toyota_camry_2007 (786).jpg,1
1016,toyota_camry_2007 (787).jpg,1
1017,toyota_camry_2007 (788).jpg,1
1018,toyota_camry_2007 (789).jpg,1
1019,toyota_camry_2007 (790).jpg,1
1020,toyota_camry_2007 (791).jpg,1
1021,toyota_camry_2007 (792).jpg,1
1022,toyota_camry_2007 (793).jpg,1
1023,toyota_camry_2007 (794).jpg,1
1024,toyota_camry_2007 (795).jpg,1
1025,toyota_camry_2007 (796).jpg,1
1026,toyota_camry_2007 (797).jpg,1
1027,toyota_camry_2007 (798).jpg,1
1028,toyota_camry_2007 (799).jpg,1
1029,toyota_camry_2007 (8).jpg,1
1030,toyota_camry_2007 (800).jpg,1
1031,toyota_camry_2007 (801).jpg,1
1032,toyota_camry_2007 (802).jpg,1
1033,toyota_camry_2007 (803).jpg,1
1034,toyota_camry_2007 (804).jpg,1
1035,toyota_camry_2007 (805).jpg,1
1036,toyota_camry_2007 (806).jpg,1
1037,toyota_camry_2007 (807).jpg,1
1038,toyota_camry_2007 (808).jpg,1
1039,toyota_camry_2007 (809).jpg,1
1040,toyota_camry_2007 (810).jpg,1
1041,toyota_camry_2007 (811).jpg,1
1042,toyota_camry_2007 (812).jpg,1
1043,toyota_camry_2007 (813).jpg,1
1044,toyota_camry_2007 (814).jpg,1
1045,toyota_camry_2007 (815).jpg,1
1046,toyota_camry_2007 (816).jpg,1
1047,toyota_camry_2007 (817).jpg,1
1048,toyota_camry_2007 (818).jpg,1
1049,toyota_camry_2007 (819).jpg,1
1050,toyota_camry_2007 (820).jpg,1
1051,toyota_camry_2007 (821).jpg,1
1052,toyota_camry_2007 (822).jpg,1
1053,toyota_camry_2007 (823).jpg,1
1054,toyota_camry_2007 (824).jpg,1
1055,toyota_camry_2007 (825).jpg,1
1056,toyota_camry_2007 (826).jpg,1
1057,toyota_camry_2007 (827).jpg,1
1058,toyota_camry_2007 (828).jpg,1
1059,toyota_camry_2007 (829).jpg,1
1060,toyota_camry_2007 (830).jpg,1
1061,toyota_camry_2007 (831).jpg,1
1062,toyota_camry_2007 (832).jpg,1
1063,toyota_camry_2007 (833).jpg,1
1064,toyota_camry_2007 (834).jpg,1
1065,toyota_camry_2007 (835).jpg,1
1066,toyota_camry_2007 (836).jpg,1
1067,toyota_camry_2007 (837).jpg,1
1068,toyota_camry_2007 (838).jpg,1
1069,toyota_camry_2007 (839).jpg,1
1070,toyota_camry_2007 (840).jpg,1
1071,toyota_camry_2007 (841).jpg,1
1072,toyota_camry_2007 (842).jpg,1
1073,toyota_camry_2007 (843).jpg,1
1074,toyota_camry_2007 (844).jpg,1
1075,toyota_camry_2007 (845).jpg,1
1076,toyota_camry_2007 (846).jpg,1
1077,toyota_camry_2007 (847).jpg,1
1078,toyota_camry_2007 (848).jpg,1
1079,toyota_camry_2007 (849).jpg,1
1080,toyota_camry_2007 (850).jpg,1
1081,toyota_camry_2007 (851).jpg,1
1082,toyota_camry_2007 (852).jpg,1
1083,toyota_camry_2007 (853).jpg,1
1084,toyota_camry_2007 (854).jpg,1
1085,toyota_camry_2007 (855).jpg,1
1086,toyota_camry_2007 (856).jpg,1
1087,toyota_camry_2007 (857).jpg,1
1088,toyota_camry_2007 (858).jpg,1
1089,toyota_camry_2007 (859).jpg,1
1090,toyota_camry_2007 (860).jpg,1
1091,toyota_camry_2007 (861).jpg,1
1092,toyota_camry_2007 (862).jpg,1
1093,toyota_camry_2007 (863).jpg,1
1094,toyota_camry_2007 (864).jpg,1
1095,toyota_camry_2007 (865).jpg,1
1096,toyota_camry_2007 (866).jpg,1
1097,toyota_camry_2007 (867).jpg,1
1098,toyota_camry_2007 (868).jpg,1
1099,toyota_camry_2007 (869).jpg,1
1100,toyota_camry_2007 (870).jpg,1
1101,toyota_camry_2007 (871).jpg,1
1102,toyota_camry_2007 (872).jpg,1
1103,toyota_camry_2007 (873).jpg,1
1104,toyota_camry_2007 (874).jpg,1
1105,toyota_camry_2007 (875).jpg,1
1106,toyota_camry_2007 (876).jpg,1
1107,toyota_camry_2007 (877).jpg,1
1108,toyota_camry_2007 (878).jpg,1
1109,toyota_camry_2007 (879).jpg,1
1110,toyota_camry_2007 (880).jpg,1
1111,toyota_camry_2007 (881).jpg,1
1112,toyota_camry_2007 (882).jpg,1
1113,toyota_camry_2007 (883).jpg,1
1114,toyota_camry_2007 (884).jpg,1
1115,toyota_camry_2007 (885).jpg,1
1116,toyota_camry_2007 (886).jpg,1
1117,toyota_camry_2007 (887).jpg,1
1118,toyota_camry_2007 (888).jpg,1
1119,toyota_camry_2007 (889).jpg,1
1120,toyota_camry_2007 (890).jpg,1
1121,toyota_camry_2007 (891).jpg,1
1122,toyota_camry_2007 (892).jpg,1
1123,toyota_camry_2007 (893).jpg,1
1124,toyota_camry_2007 (894).jpg,1
1125,toyota_camry_2007 (895).jpg,1
1126,toyota_camry_2007 (896).jpg,1
1127,toyota_camry_2007 (897).jpg,1
1128,toyota_camry_2007 (898).jpg,1
1129,toyota_camry_2007 (899).jpg,1
1130,toyota_camry_2007 (9).jpg,1
1131,toyota_camry_2007 (900).jpg,1
1132,toyota_camry_2007 (901).jpg,1
1133,toyota_camry_2007 (902).jpg,1
1134,toyota_camry_2007 (903).jpg,1
1135,toyota_camry_2007 (904).jpg,1
1136,toyota_camry_2007 (905).jpg,1
1137,toyota_camry_2007 (906).jpg,1
1138,toyota_camry_2007 (907).jpg,1
1139,toyota_camry_2007 (908).jpg,1
1140,toyota_camry_2007 (909).jpg,1
1141,toyota_camry_2007 (910).jpg,1
1142,toyota_camry_2007 (911).jpg,1
1143,toyota_camry_2007 (912).jpg,1
1144,toyota_camry_2007 (913).jpg,1
1145,toyota_camry_2007 (914).jpg,1
1146,toyota_camry_2007 (915).jpg,1
1147,toyota_camry_2007 (916).jpg,1
1148,toyota_camry_2007 (917).jpg,1
1149,toyota_camry_2007 (918).jpg,1
1150,toyota_camry_2007 (919).jpg,1
1151,toyota_camry_2007 (920).jpg,1
1152,toyota_camry_2007 (921).jpg,1
1153,toyota_camry_2007 (922).jpg,1
1154,toyota_camry_2007 (923).jpg,1
1155,toyota_camry_2007 (924).jpg,1
1156,toyota_camry_2007 (925).jpg,1
1157,toyota_camry_2007 (926).jpg,1
1158,toyota_camry_2007 (927).jpg,1
1159,toyota_camry_2007 (928).jpg,1
1160,toyota_camry_2007 (929).jpg,1
1161,toyota_camry_2007 (930).jpg,1
1162,toyota_camry_2007 (931).jpg,1
1163,toyota_camry_2007 (932).jpg,1
1164,toyota_camry_2007 (933).jpg,1
1165,toyota_camry_2007 (934).jpg,1
1166,toyota_camry_2007 (935).jpg,1
1167,toyota_camry_2007 (936).jpg,1
1168,toyota_camry_2007 (937).jpg,1
1169,toyota_camry_2007 (938).jpg,1
1170,toyota_camry_2007 (939).jpg,1
1171,toyota_camry_2007.jpg,1
1172,toyota_camry_2007_29.jpg,1
1173,toyota_camry_2007_394.jpg,1
